{"cameraMode":{"drawMode":0,"name":"Shaded","section":"Shading Mode"},"sceneLighting":false,"audioPlay":false,"sceneViewState":{"m_AlwaysRefresh":false,"showFog":true,"showSkybox":false,"showFlares":true,"showImageEffects":true,"showParticleSystems":true,"showVisualEffectGraphs":true,"m_FxEnabled":true},"in2DMode":false,"pivot":{"x":0.030242443084716798,"y":4.717226982116699,"z":0.046950340270996097},"rotation":{"x":0.32731419801712038,"y":-0.20063416659832,"z":0.06852482259273529,"w":0.9213351011276245},"size":13.086546897888184,"orthographic":false}