{"cameraMode":{"drawMode":0,"name":"Shaded","section":"Shading Mode"},"sceneLighting":false,"audioPlay":false,"sceneViewState":{"m_AlwaysRefresh":false,"showFog":true,"showSkybox":false,"showFlares":true,"showImageEffects":true,"showParticleSystems":true,"showVisualEffectGraphs":true,"m_FxEnabled":true},"in2DMode":false,"pivot":{"x":0.0469512939453125,"y":4.717225551605225,"z":-0.030244827270507814},"rotation":{"x":0.32731419801712038,"y":-0.20063416659832,"z":0.06852482259273529,"w":0.9213351011276245},"size":11.101728439331055,"orthographic":false}