{"cameraMode":{"drawMode":0,"name":"Shaded","section":"Shading Mode"},"sceneLighting":false,"audioPlay":false,"sceneViewState":{"m_AlwaysRefresh":false,"showFog":true,"showSkybox":false,"showFlares":true,"showImageEffects":true,"showParticleSystems":true,"showVisualEffectGraphs":true,"m_FxEnabled":true},"in2DMode":false,"pivot":{"x":-0.0000019073486328125,"y":0.000001430511474609375,"z":9.5367431640625e-7},"rotation":{"x":0.32731419801712038,"y":-0.20063416659832,"z":0.06852482259273529,"w":0.9213351011276245},"size":12.708486557006836,"orthographic":false}