{"cameraMode":{"drawMode":0,"name":"Shaded","section":"Shading Mode"},"sceneLighting":false,"audioPlay":false,"sceneViewState":{"m_AlwaysRefresh":false,"showFog":true,"showSkybox":false,"showFlares":true,"showImageEffects":true,"showParticleSystems":true,"showVisualEffectGraphs":true,"m_FxEnabled":true},"in2DMode":false,"pivot":{"x":-1.2427945137023926,"y":0.7212750315666199,"z":3.3550527095794679},"rotation":{"x":0.08993340283632279,"y":0.4980466961860657,"z":-0.05454545095562935,"w":0.8612998127937317},"size":2.1794495582580568,"orthographic":false}