{"cameraMode":{"drawMode":0,"name":"Shaded","section":"Shading Mode"},"sceneLighting":false,"audioPlay":false,"sceneViewState":{"m_AlwaysRefresh":false,"showFog":true,"showSkybox":false,"showFlares":true,"showImageEffects":true,"showParticleSystems":true,"showVisualEffectGraphs":true,"m_FxEnabled":true},"in2DMode":false,"pivot":{"x":-6.977758407592773,"y":11.716693878173829,"z":-6.711071014404297},"rotation":{"x":0.031113378703594209,"y":-0.2903580367565155,"z":0.007032708264887333,"w":0.9569104313850403},"size":29.820056915283204,"orthographic":false}